Protocol,Length,dates,Source,Destination,source port,Destination port,Count
TLSv1.2,97,2020-03-10,130.240.134.20,89.18.105.60,34223,8883,1440
TLSv1.2,96,2020-03-10,89.18.105.60,130.240.134.20,8883,34223,1440
TLSv1.2,162,2020-03-10,130.240.134.20,89.18.105.60,34223,8883,8
TLSv1.2,164,2020-03-10,130.240.134.20,89.18.105.60,34223,8883,8
TLSv1.2,166,2020-03-10,130.240.134.20,89.18.105.60,34223,8883,9
TLSv1.2,170,2020-03-10,130.240.134.20,89.18.105.60,34223,8883,8
TLSv1.2,172,2020-03-10,130.240.134.20,89.18.105.60,34223,8883,7
TLSv1.2,174,2020-03-10,130.240.134.20,89.18.105.60,34223,8883,5
TLSv1.2,177,2020-03-10,130.240.134.20,89.18.105.60,34223,8883,3
TLSv1.2,183,2020-03-10,130.240.134.20,89.18.105.60,34223,8883,6
TLSv1.2,186,2020-03-10,130.240.134.20,89.18.105.60,34223,8883,8
TLSv1.2,191,2020-03-10,130.240.134.20,89.18.105.60,34223,8883,15221
TLSv1.2,192,2020-03-10,130.240.134.20,89.18.105.60,34223,8883,173
TLSv1.2,204,2020-03-10,130.240.134.20,89.18.105.60,34223,8883,33
TLSv1.2,205,2020-03-10,130.240.134.20,89.18.105.60,34223,8883,9
TLSv1.2,206,2020-03-10,130.240.134.20,89.18.105.60,34223,8883,6
TLSv1.2,212,2020-03-10,130.240.134.20,89.18.105.60,34223,8883,2
TLSv1.2,239,2020-03-10,130.240.134.20,89.18.105.60,34223,8883,2
TLSv1.2,240,2020-03-10,130.240.134.20,89.18.105.60,34223,8883,22
TLSv1.2,282,2020-03-10,130.240.134.20,89.18.105.60,34223,8883,2
TLSv1.2,283,2020-03-10,130.240.134.20,89.18.105.60,34223,8883,1
TLSv1.2,390,2020-03-10,130.240.134.20,89.18.105.60,34223,8883,1
TLSv1.2,974,2020-03-10,130.240.134.20,89.18.105.60,34223,8883,20
TLSv1.2,976,2020-03-10,130.240.134.20,89.18.105.60,34223,8883,20
TLSv1.2,978,2020-03-10,130.240.134.20,89.18.105.60,34223,8883,320
TLSv1.2,97,2020-03-16,130.240.134.20,89.18.105.60,34223,8883,1440
TLSv1.2,96,2020-03-16,89.18.105.60,130.240.134.20,8883,34223,1441
TLSv1.2,162,2020-03-16,130.240.134.20,89.18.105.60,34223,8883,92
TLSv1.2,164,2020-03-16,130.240.134.20,89.18.105.60,34223,8883,92
TLSv1.2,166,2020-03-16,130.240.134.20,89.18.105.60,34223,8883,9
TLSv1.2,170,2020-03-16,130.240.134.20,89.18.105.60,34223,8883,92
TLSv1.2,172,2020-03-16,130.240.134.20,89.18.105.60,34223,8883,74
TLSv1.2,174,2020-03-16,130.240.134.20,89.18.105.60,34223,8883,61
TLSv1.2,177,2020-03-16,130.240.134.20,89.18.105.60,34223,8883,20
TLSv1.2,183,2020-03-16,130.240.134.20,89.18.105.60,34223,8883,6
TLSv1.2,186,2020-03-16,130.240.134.20,89.18.105.60,34223,8883,92
TLSv1.2,191,2020-03-16,130.240.134.20,89.18.105.60,34223,8883,10929
TLSv1.2,192,2020-03-16,130.240.134.20,89.18.105.60,34223,8883,283
TLSv1.2,193,2020-03-16,130.240.134.20,89.18.105.60,34223,8883,108
TLSv1.2,204,2020-03-16,130.240.134.20,89.18.105.60,34223,8883,27
TLSv1.2,205,2020-03-16,130.240.134.20,89.18.105.60,34223,8883,6
TLSv1.2,206,2020-03-16,130.240.134.20,89.18.105.60,34223,8883,14
TLSv1.2,240,2020-03-16,130.240.134.20,89.18.105.60,34223,8883,27
TLSv1.2,280,2020-03-16,130.240.134.20,89.18.105.60,34223,8883,3
TLSv1.2,282,2020-03-16,130.240.134.20,89.18.105.60,34223,8883,18
TLSv1.2,283,2020-03-16,130.240.134.20,89.18.105.60,34223,8883,14
TLSv1.2,285,2020-03-16,130.240.134.20,89.18.105.60,34223,8883,10
TLSv1.2,390,2020-03-16,130.240.134.20,89.18.105.60,34223,8883,8
TLSv1.2,391,2020-03-16,130.240.134.20,89.18.105.60,34223,8883,1
TLSv1.2,501,2020-03-16,130.240.134.20,89.18.105.60,34223,8883,1
TLSv1.2,974,2020-03-16,130.240.134.20,89.18.105.60,34223,8883,20
TLSv1.2,976,2020-03-16,130.240.134.20,89.18.105.60,34223,8883,20
TLSv1.2,978,2020-03-16,130.240.134.20,89.18.105.60,34223,8883,320
TLSv1.2,97,2020-03-11,130.240.134.20,89.18.105.60,34223,8883,1439
TLSv1.2,96,2020-03-11,89.18.105.60,130.240.134.20,8883,34223,1439
TLSv1.2,99,2020-03-11,130.240.134.20,89.18.105.60,34223,8883,2
TLSv1.2,136,2020-03-11,89.18.105.60,130.240.134.20,8883,34223,1
TLSv1.2,162,2020-03-11,130.240.134.20,89.18.105.60,34223,8883,154
TLSv1.2,164,2020-03-11,130.240.134.20,89.18.105.60,34223,8883,156
TLSv1.2,166,2020-03-11,130.240.134.20,89.18.105.60,34223,8883,9
TLSv1.2,170,2020-03-11,130.240.134.20,89.18.105.60,34223,8883,147
TLSv1.2,172,2020-03-11,130.240.134.20,89.18.105.60,34223,8883,139
TLSv1.2,174,2020-03-11,130.240.134.20,89.18.105.60,34223,8883,43
TLSv1.2,177,2020-03-11,130.240.134.20,89.18.105.60,34223,8883,13
TLSv1.2,183,2020-03-11,130.240.134.20,89.18.105.60,34223,8883,9
TLSv1.2,185,2020-03-11,130.240.134.20,89.18.105.60,34223,8883,4
TLSv1.2,186,2020-03-11,130.240.134.20,89.18.105.60,34223,8883,148
TLSv1.2,191,2020-03-11,130.240.134.20,89.18.105.60,34223,8883,10576
TLSv1.2,192,2020-03-11,130.240.134.20,89.18.105.60,34223,8883,185
TLSv1.2,193,2020-03-11,130.240.134.20,89.18.105.60,34223,8883,61
TLSv1.2,204,2020-03-11,130.240.134.20,89.18.105.60,34223,8883,28
TLSv1.2,205,2020-03-11,130.240.134.20,89.18.105.60,34223,8883,9
TLSv1.2,206,2020-03-11,130.240.134.20,89.18.105.60,34223,8883,10
TLSv1.2,212,2020-03-11,130.240.134.20,89.18.105.60,34223,8883,3
TLSv1.2,239,2020-03-11,130.240.134.20,89.18.105.60,34223,8883,7
TLSv1.2,240,2020-03-11,130.240.134.20,89.18.105.60,34223,8883,20
TLSv1.2,280,2020-03-11,130.240.134.20,89.18.105.60,34223,8883,1
TLSv1.2,282,2020-03-11,130.240.134.20,89.18.105.60,34223,8883,8
TLSv1.2,283,2020-03-11,130.240.134.20,89.18.105.60,34223,8883,6
TLSv1.2,285,2020-03-11,130.240.134.20,89.18.105.60,34223,8883,5
TLSv1.2,362,2020-03-11,130.240.134.20,89.18.105.60,34223,8883,1
TLSv1.2,390,2020-03-11,130.240.134.20,89.18.105.60,34223,8883,4
TLSv1.2,391,2020-03-11,130.240.134.20,89.18.105.60,34223,8883,2
TLSv1.2,393,2020-03-11,130.240.134.20,89.18.105.60,34223,8883,1
TLSv1.2,420,2020-03-11,89.18.105.60,130.240.134.20,8883,34223,1
TLSv1.2,974,2020-03-11,130.240.134.20,89.18.105.60,34223,8883,20
TLSv1.2,976,2020-03-11,130.240.134.20,89.18.105.60,34223,8883,20
TLSv1.2,978,2020-03-11,130.240.134.20,89.18.105.60,34223,8883,320
TLSv1.2,97,2020-05-28,130.240.134.20,89.18.105.60,36655,8883,1306
TLSv1.2,96,2020-05-28,89.18.105.60,130.240.134.20,8883,36655,1307
TLSv1.2,99,2020-05-28,89.18.105.60,130.240.134.20,8883,36655,3
TLSv1.2,100,2020-05-28,89.18.105.60,130.240.134.20,8883,36655,1
TLSv1.2,124,2020-05-28,130.240.134.20,89.18.105.60,36655,8883,1
TLSv1.2,162,2020-05-28,130.240.134.20,89.18.105.60,36655,8883,223
TLSv1.2,163,2020-05-28,130.240.134.20,89.18.105.60,36655,8883,22
TLSv1.2,164,2020-05-28,130.240.134.20,89.18.105.60,36655,8883,226
TLSv1.2,165,2020-05-28,130.240.134.20,89.18.105.60,36655,8883,27
TLSv1.2,166,2020-05-28,130.240.134.20,89.18.105.60,36655,8883,10
TLSv1.2,170,2020-05-28,130.240.134.20,89.18.105.60,36655,8883,195
TLSv1.2,172,2020-05-28,130.240.134.20,89.18.105.60,36655,8883,182
TLSv1.2,174,2020-05-28,130.240.134.20,89.18.105.60,36655,8883,51
TLSv1.2,177,2020-05-28,130.240.134.20,89.18.105.60,36655,8883,11
TLSv1.2,183,2020-05-28,130.240.134.20,89.18.105.60,36655,8883,12
TLSv1.2,185,2020-05-28,130.240.134.20,89.18.105.60,36655,8883,5
TLSv1.2,186,2020-05-28,130.240.134.20,89.18.105.60,36655,8883,194
TLSv1.2,188,2020-05-28,130.240.134.20,89.18.105.60,36655,8883,4
TLSv1.2,191,2020-05-28,130.240.134.20,89.18.105.60,36655,8883,24703
TLSv1.2,192,2020-05-28,130.240.134.20,89.18.105.60,36655,8883,62
TLSv1.2,193,2020-05-28,130.240.134.20,89.18.105.60,36655,8883,36
TLSv1.2,203,2020-05-28,130.240.134.20,89.18.105.60,36655,8883,1
TLSv1.2,204,2020-05-28,130.240.134.20,89.18.105.60,36655,8883,13
TLSv1.2,205,2020-05-28,130.240.134.20,89.18.105.60,36655,8883,26
TLSv1.2,206,2020-05-28,130.240.134.20,89.18.105.60,36655,8883,4
TLSv1.2,212,2020-05-28,130.240.134.20,89.18.105.60,36655,8883,1
TLSv1.2,215,2020-05-28,130.240.134.20,89.18.105.60,36655,8883,1
TLSv1.2,239,2020-05-28,130.240.134.20,89.18.105.60,36655,8883,1
TLSv1.2,240,2020-05-28,130.240.134.20,89.18.105.60,36655,8883,45
TLSv1.2,282,2020-05-28,130.240.134.20,89.18.105.60,36655,8883,9
TLSv1.2,283,2020-05-28,130.240.134.20,89.18.105.60,36655,8883,13
TLSv1.2,308,2020-05-28,89.18.105.60,130.240.134.20,8883,36655,1
TLSv1.2,339,2020-05-28,130.240.134.20,89.18.105.60,36655,8883,1
TLSv1.2,356,2020-05-28,130.240.134.20,89.18.105.60,36655,8883,1
TLSv1.2,364,2020-05-28,89.18.105.60,130.240.134.20,8883,36655,1
TLSv1.2,390,2020-05-28,130.240.134.20,89.18.105.60,36655,8883,1
TLSv1.2,756,2020-05-28,89.18.105.60,130.240.134.20,8883,36655,1
TLSv1.2,971,2020-05-28,130.240.134.20,89.18.105.60,36655,8883,4
TLSv1.2,973,2020-05-28,130.240.134.20,89.18.105.60,36655,8883,323
TLSv1.2,1509,2020-05-28,130.240.134.20,89.18.105.60,36655,8883,1
TLSv1.2,97,2020-03-13,130.240.134.20,89.18.105.60,34223,8883,1440
TLSv1.2,96,2020-03-13,89.18.105.60,130.240.134.20,8883,34223,1440
TLSv1.2,162,2020-03-13,130.240.134.20,89.18.105.60,34223,8883,70
TLSv1.2,164,2020-03-13,130.240.134.20,89.18.105.60,34223,8883,70
TLSv1.2,166,2020-03-13,130.240.134.20,89.18.105.60,34223,8883,9
TLSv1.2,170,2020-03-13,130.240.134.20,89.18.105.60,34223,8883,70
TLSv1.2,172,2020-03-13,130.240.134.20,89.18.105.60,34223,8883,56
TLSv1.2,174,2020-03-13,130.240.134.20,89.18.105.60,34223,8883,41
TLSv1.2,177,2020-03-13,130.240.134.20,89.18.105.60,34223,8883,14
TLSv1.2,183,2020-03-13,130.240.134.20,89.18.105.60,34223,8883,6
TLSv1.2,186,2020-03-13,130.240.134.20,89.18.105.60,34223,8883,70
TLSv1.2,191,2020-03-13,130.240.134.20,89.18.105.60,34223,8883,12152
TLSv1.2,192,2020-03-13,130.240.134.20,89.18.105.60,34223,8883,215
TLSv1.2,193,2020-03-13,130.240.134.20,89.18.105.60,34223,8883,17
TLSv1.2,204,2020-03-13,130.240.134.20,89.18.105.60,34223,8883,29
TLSv1.2,205,2020-03-13,130.240.134.20,89.18.105.60,34223,8883,7
TLSv1.2,206,2020-03-13,130.240.134.20,89.18.105.60,34223,8883,13
TLSv1.2,212,2020-03-13,130.240.134.20,89.18.105.60,34223,8883,2
TLSv1.2,239,2020-03-13,130.240.134.20,89.18.105.60,34223,8883,2
TLSv1.2,240,2020-03-13,130.240.134.20,89.18.105.60,34223,8883,25
TLSv1.2,280,2020-03-13,130.240.134.20,89.18.105.60,34223,8883,2
TLSv1.2,282,2020-03-13,130.240.134.20,89.18.105.60,34223,8883,16
TLSv1.2,283,2020-03-13,130.240.134.20,89.18.105.60,34223,8883,10
TLSv1.2,285,2020-03-13,130.240.134.20,89.18.105.60,34223,8883,8
TLSv1.2,390,2020-03-13,130.240.134.20,89.18.105.60,34223,8883,6
TLSv1.2,391,2020-03-13,130.240.134.20,89.18.105.60,34223,8883,2
TLSv1.2,393,2020-03-13,130.240.134.20,89.18.105.60,34223,8883,1
TLSv1.2,974,2020-03-13,130.240.134.20,89.18.105.60,34223,8883,20
TLSv1.2,976,2020-03-13,130.240.134.20,89.18.105.60,34223,8883,20
TLSv1.2,978,2020-03-13,130.240.134.20,89.18.105.60,34223,8883,320
TLSv1.2,97,2020-05-29,130.240.134.20,89.18.105.60,36655,8883,1440
TLSv1.2,96,2020-05-29,89.18.105.60,130.240.134.20,8883,36655,1440
TLSv1.2,162,2020-05-29,130.240.134.20,89.18.105.60,36655,8883,70
TLSv1.2,164,2020-05-29,130.240.134.20,89.18.105.60,36655,8883,70
TLSv1.2,165,2020-05-29,130.240.134.20,89.18.105.60,36655,8883,3
TLSv1.2,166,2020-05-29,130.240.134.20,89.18.105.60,36655,8883,10
TLSv1.2,170,2020-05-29,130.240.134.20,89.18.105.60,36655,8883,68
TLSv1.2,172,2020-05-29,130.240.134.20,89.18.105.60,36655,8883,53
TLSv1.2,174,2020-05-29,130.240.134.20,89.18.105.60,36655,8883,65
TLSv1.2,177,2020-05-29,130.240.134.20,89.18.105.60,36655,8883,12
TLSv1.2,183,2020-05-29,130.240.134.20,89.18.105.60,36655,8883,15
TLSv1.2,185,2020-05-29,130.240.134.20,89.18.105.60,36655,8883,7
TLSv1.2,186,2020-05-29,130.240.134.20,89.18.105.60,36655,8883,68
TLSv1.2,188,2020-05-29,130.240.134.20,89.18.105.60,36655,8883,10
TLSv1.2,191,2020-05-29,130.240.134.20,89.18.105.60,36655,8883,28402
TLSv1.2,192,2020-05-29,130.240.134.20,89.18.105.60,36655,8883,29
TLSv1.2,193,2020-05-29,130.240.134.20,89.18.105.60,36655,8883,10
TLSv1.2,204,2020-05-29,130.240.134.20,89.18.105.60,36655,8883,22
TLSv1.2,205,2020-05-29,130.240.134.20,89.18.105.60,36655,8883,16
TLSv1.2,206,2020-05-29,130.240.134.20,89.18.105.60,36655,8883,10
TLSv1.2,212,2020-05-29,130.240.134.20,89.18.105.60,36655,8883,1
TLSv1.2,239,2020-05-29,130.240.134.20,89.18.105.60,36655,8883,2
TLSv1.2,240,2020-05-29,130.240.134.20,89.18.105.60,36655,8883,48
TLSv1.2,282,2020-05-29,130.240.134.20,89.18.105.60,36655,8883,7
TLSv1.2,283,2020-05-29,130.240.134.20,89.18.105.60,36655,8883,15
TLSv1.2,390,2020-05-29,130.240.134.20,89.18.105.60,36655,8883,1
TLSv1.2,393,2020-05-29,130.240.134.20,89.18.105.60,36655,8883,1
TLSv1.2,971,2020-05-29,130.240.134.20,89.18.105.60,36655,8883,5
TLSv1.2,973,2020-05-29,130.240.134.20,89.18.105.60,36655,8883,355
TLSv1.2,97,2020-03-12,130.240.134.20,89.18.105.60,34223,8883,1440
TLSv1.2,96,2020-03-12,89.18.105.60,130.240.134.20,8883,34223,1440
TLSv1.2,162,2020-03-12,130.240.134.20,89.18.105.60,34223,8883,162
TLSv1.2,164,2020-03-12,130.240.134.20,89.18.105.60,34223,8883,162
TLSv1.2,166,2020-03-12,130.240.134.20,89.18.105.60,34223,8883,9
TLSv1.2,170,2020-03-12,130.240.134.20,89.18.105.60,34223,8883,160
TLSv1.2,172,2020-03-12,130.240.134.20,89.18.105.60,34223,8883,135
TLSv1.2,174,2020-03-12,130.240.134.20,89.18.105.60,34223,8883,85
TLSv1.2,177,2020-03-12,130.240.134.20,89.18.105.60,34223,8883,20
TLSv1.2,183,2020-03-12,130.240.134.20,89.18.105.60,34223,8883,7
TLSv1.2,185,2020-03-12,130.240.134.20,89.18.105.60,34223,8883,1
TLSv1.2,186,2020-03-12,130.240.134.20,89.18.105.60,34223,8883,160
TLSv1.2,191,2020-03-12,130.240.134.20,89.18.105.60,34223,8883,10618
TLSv1.2,192,2020-03-12,130.240.134.20,89.18.105.60,34223,8883,693
TLSv1.2,193,2020-03-12,130.240.134.20,89.18.105.60,34223,8883,155
TLSv1.2,204,2020-03-12,130.240.134.20,89.18.105.60,34223,8883,30
TLSv1.2,205,2020-03-12,130.240.134.20,89.18.105.60,34223,8883,9
TLSv1.2,206,2020-03-12,130.240.134.20,89.18.105.60,34223,8883,9
TLSv1.2,212,2020-03-12,130.240.134.20,89.18.105.60,34223,8883,2
TLSv1.2,239,2020-03-12,130.240.134.20,89.18.105.60,34223,8883,3
TLSv1.2,240,2020-03-12,130.240.134.20,89.18.105.60,34223,8883,26
TLSv1.2,280,2020-03-12,130.240.134.20,89.18.105.60,34223,8883,3
TLSv1.2,282,2020-03-12,130.240.134.20,89.18.105.60,34223,8883,20
TLSv1.2,283,2020-03-12,130.240.134.20,89.18.105.60,34223,8883,19
TLSv1.2,285,2020-03-12,130.240.134.20,89.18.105.60,34223,8883,11
TLSv1.2,300,2020-03-12,130.240.134.20,89.18.105.60,34223,8883,1
TLSv1.2,390,2020-03-12,130.240.134.20,89.18.105.60,34223,8883,5
TLSv1.2,391,2020-03-12,130.240.134.20,89.18.105.60,34223,8883,2
TLSv1.2,393,2020-03-12,130.240.134.20,89.18.105.60,34223,8883,1
TLSv1.2,501,2020-03-12,130.240.134.20,89.18.105.60,34223,8883,1
TLSv1.2,974,2020-03-12,130.240.134.20,89.18.105.60,34223,8883,20
TLSv1.2,976,2020-03-12,130.240.134.20,89.18.105.60,34223,8883,20
TLSv1.2,978,2020-03-12,130.240.134.20,89.18.105.60,34223,8883,320
TLSv1.2,97,2020-06-05,130.240.134.20,89.18.105.60,44117,8883,1440
TLSv1.2,96,2020-06-05,89.18.105.60,130.240.134.20,8883,44117,1440
TLSv1.2,162,2020-06-05,130.240.134.20,89.18.105.60,44117,8883,293
TLSv1.2,163,2020-06-05,130.240.134.20,89.18.105.60,44117,8883,2
TLSv1.2,164,2020-06-05,130.240.134.20,89.18.105.60,44117,8883,296
TLSv1.2,165,2020-06-05,130.240.134.20,89.18.105.60,44117,8883,6
TLSv1.2,166,2020-06-05,130.240.134.20,89.18.105.60,44117,8883,11
TLSv1.2,170,2020-06-05,130.240.134.20,89.18.105.60,44117,8883,287
TLSv1.2,172,2020-06-05,130.240.134.20,89.18.105.60,44117,8883,268
TLSv1.2,174,2020-06-05,130.240.134.20,89.18.105.60,44117,8883,73
TLSv1.2,177,2020-06-05,130.240.134.20,89.18.105.60,44117,8883,29
TLSv1.2,183,2020-06-05,130.240.134.20,89.18.105.60,44117,8883,16
TLSv1.2,185,2020-06-05,130.240.134.20,89.18.105.60,44117,8883,8
TLSv1.2,186,2020-06-05,130.240.134.20,89.18.105.60,44117,8883,288
TLSv1.2,188,2020-06-05,130.240.134.20,89.18.105.60,44117,8883,10
TLSv1.2,191,2020-06-05,130.240.134.20,89.18.105.60,44117,8883,23152
TLSv1.2,192,2020-06-05,130.240.134.20,89.18.105.60,44117,8883,46
TLSv1.2,193,2020-06-05,130.240.134.20,89.18.105.60,44117,8883,268
TLSv1.2,204,2020-06-05,130.240.134.20,89.18.105.60,44117,8883,24
TLSv1.2,205,2020-06-05,130.240.134.20,89.18.105.60,44117,8883,14
TLSv1.2,206,2020-06-05,130.240.134.20,89.18.105.60,44117,8883,10
TLSv1.2,212,2020-06-05,130.240.134.20,89.18.105.60,44117,8883,2
TLSv1.2,239,2020-06-05,130.240.134.20,89.18.105.60,44117,8883,8
TLSv1.2,240,2020-06-05,130.240.134.20,89.18.105.60,44117,8883,49
TLSv1.2,259,2020-06-05,130.240.134.20,89.18.105.60,44117,8883,2
TLSv1.2,263,2020-06-05,130.240.134.20,89.18.105.60,44117,8883,2
TLSv1.2,280,2020-06-05,130.240.134.20,89.18.105.60,44117,8883,7
TLSv1.2,282,2020-06-05,130.240.134.20,89.18.105.60,44117,8883,26
TLSv1.2,283,2020-06-05,130.240.134.20,89.18.105.60,44117,8883,12
TLSv1.2,285,2020-06-05,130.240.134.20,89.18.105.60,44117,8883,4
TLSv1.2,390,2020-06-05,130.240.134.20,89.18.105.60,44117,8883,2
TLSv1.2,391,2020-06-05,130.240.134.20,89.18.105.60,44117,8883,3
TLSv1.2,393,2020-06-05,130.240.134.20,89.18.105.60,44117,8883,1
TLSv1.2,501,2020-06-05,130.240.134.20,89.18.105.60,44117,8883,1
TLSv1.2,967,2020-06-05,130.240.134.20,89.18.105.60,44117,8883,11
TLSv1.2,969,2020-06-05,130.240.134.20,89.18.105.60,44117,8883,10
TLSv1.2,971,2020-06-05,130.240.134.20,89.18.105.60,44117,8883,15
TLSv1.2,973,2020-06-05,130.240.134.20,89.18.105.60,44117,8883,324
TLSv1.2,97,2020-06-02,130.240.134.20,89.18.105.60,44117,8883,1440
TLSv1.2,96,2020-06-02,89.18.105.60,130.240.134.20,8883,44117,1440
TLSv1.2,162,2020-06-02,130.240.134.20,89.18.105.60,44117,8883,60
TLSv1.2,164,2020-06-02,130.240.134.20,89.18.105.60,44117,8883,62
TLSv1.2,165,2020-06-02,130.240.134.20,89.18.105.60,44117,8883,2
TLSv1.2,166,2020-06-02,130.240.134.20,89.18.105.60,44117,8883,10
TLSv1.2,170,2020-06-02,130.240.134.20,89.18.105.60,44117,8883,58
TLSv1.2,172,2020-06-02,130.240.134.20,89.18.105.60,44117,8883,50
TLSv1.2,174,2020-06-02,130.240.134.20,89.18.105.60,44117,8883,35
TLSv1.2,177,2020-06-02,130.240.134.20,89.18.105.60,44117,8883,15
TLSv1.2,183,2020-06-02,130.240.134.20,89.18.105.60,44117,8883,15
TLSv1.2,185,2020-06-02,130.240.134.20,89.18.105.60,44117,8883,7
TLSv1.2,186,2020-06-02,130.240.134.20,89.18.105.60,44117,8883,58
TLSv1.2,188,2020-06-02,130.240.134.20,89.18.105.60,44117,8883,12
TLSv1.2,191,2020-06-02,130.240.134.20,89.18.105.60,44117,8883,28746
TLSv1.2,192,2020-06-02,130.240.134.20,89.18.105.60,44117,8883,13
TLSv1.2,193,2020-06-02,130.240.134.20,89.18.105.60,44117,8883,10
TLSv1.2,204,2020-06-02,130.240.134.20,89.18.105.60,44117,8883,30
TLSv1.2,205,2020-06-02,130.240.134.20,89.18.105.60,44117,8883,13
TLSv1.2,206,2020-06-02,130.240.134.20,89.18.105.60,44117,8883,5
TLSv1.2,212,2020-06-02,130.240.134.20,89.18.105.60,44117,8883,7
TLSv1.2,239,2020-06-02,130.240.134.20,89.18.105.60,44117,8883,4
TLSv1.2,240,2020-06-02,130.240.134.20,89.18.105.60,44117,8883,48
TLSv1.2,280,2020-06-02,130.240.134.20,89.18.105.60,44117,8883,4
TLSv1.2,282,2020-06-02,130.240.134.20,89.18.105.60,44117,8883,12
TLSv1.2,283,2020-06-02,130.240.134.20,89.18.105.60,44117,8883,5
TLSv1.2,285,2020-06-02,130.240.134.20,89.18.105.60,44117,8883,2
TLSv1.2,390,2020-06-02,130.240.134.20,89.18.105.60,44117,8883,1
TLSv1.2,391,2020-06-02,130.240.134.20,89.18.105.60,44117,8883,1
TLSv1.2,967,2020-06-02,130.240.134.20,89.18.105.60,44117,8883,6
TLSv1.2,969,2020-06-02,130.240.134.20,89.18.105.60,44117,8883,5
TLSv1.2,971,2020-06-02,130.240.134.20,89.18.105.60,44117,8883,6
TLSv1.2,973,2020-06-02,130.240.134.20,89.18.105.60,44117,8883,131
TLSv1.2,975,2020-06-02,130.240.134.20,89.18.105.60,44117,8883,212
TLSv1.2,97,2020-06-03,130.240.134.20,89.18.105.60,44117,8883,1440
TLSv1.2,96,2020-06-03,89.18.105.60,130.240.134.20,8883,44117,1440
TLSv1.2,162,2020-06-03,130.240.134.20,89.18.105.60,44117,8883,67
TLSv1.2,164,2020-06-03,130.240.134.20,89.18.105.60,44117,8883,71
TLSv1.2,165,2020-06-03,130.240.134.20,89.18.105.60,44117,8883,6
TLSv1.2,166,2020-06-03,130.240.134.20,89.18.105.60,44117,8883,13
TLSv1.2,170,2020-06-03,130.240.134.20,89.18.105.60,44117,8883,68
TLSv1.2,172,2020-06-03,130.240.134.20,89.18.105.60,44117,8883,57
TLSv1.2,174,2020-06-03,130.240.134.20,89.18.105.60,44117,8883,52
TLSv1.2,177,2020-06-03,130.240.134.20,89.18.105.60,44117,8883,19
TLSv1.2,183,2020-06-03,130.240.134.20,89.18.105.60,44117,8883,16
TLSv1.2,185,2020-06-03,130.240.134.20,89.18.105.60,44117,8883,6
TLSv1.2,186,2020-06-03,130.240.134.20,89.18.105.60,44117,8883,68
TLSv1.2,188,2020-06-03,130.240.134.20,89.18.105.60,44117,8883,10
TLSv1.2,191,2020-06-03,130.240.134.20,89.18.105.60,44117,8883,27496
TLSv1.2,192,2020-06-03,130.240.134.20,89.18.105.60,44117,8883,201
TLSv1.2,193,2020-06-03,130.240.134.20,89.18.105.60,44117,8883,31
TLSv1.2,204,2020-06-03,130.240.134.20,89.18.105.60,44117,8883,24
TLSv1.2,205,2020-06-03,130.240.134.20,89.18.105.60,44117,8883,16
TLSv1.2,206,2020-06-03,130.240.134.20,89.18.105.60,44117,8883,8
TLSv1.2,212,2020-06-03,130.240.134.20,89.18.105.60,44117,8883,4
TLSv1.2,239,2020-06-03,130.240.134.20,89.18.105.60,44117,8883,3
TLSv1.2,240,2020-06-03,130.240.134.20,89.18.105.60,44117,8883,46
TLSv1.2,280,2020-06-03,130.240.134.20,89.18.105.60,44117,8883,6
TLSv1.2,282,2020-06-03,130.240.134.20,89.18.105.60,44117,8883,14
TLSv1.2,283,2020-06-03,130.240.134.20,89.18.105.60,44117,8883,9
TLSv1.2,285,2020-06-03,130.240.134.20,89.18.105.60,44117,8883,2
TLSv1.2,390,2020-06-03,130.240.134.20,89.18.105.60,44117,8883,1
TLSv1.2,393,2020-06-03,130.240.134.20,89.18.105.60,44117,8883,1
TLSv1.2,967,2020-06-03,130.240.134.20,89.18.105.60,44117,8883,10
TLSv1.2,969,2020-06-03,130.240.134.20,89.18.105.60,44117,8883,11
TLSv1.2,971,2020-06-03,130.240.134.20,89.18.105.60,44117,8883,18
TLSv1.2,973,2020-06-03,130.240.134.20,89.18.105.60,44117,8883,321
TLSv1.2,97,2020-06-06,130.240.134.20,89.18.105.60,44117,8883,1440
TLSv1.2,96,2020-06-06,89.18.105.60,130.240.134.20,8883,44117,1440
TLSv1.2,165,2020-06-06,130.240.134.20,89.18.105.60,44117,8883,2
TLSv1.2,166,2020-06-06,130.240.134.20,89.18.105.60,44117,8883,10
TLSv1.2,183,2020-06-06,130.240.134.20,89.18.105.60,44117,8883,12
TLSv1.2,191,2020-06-06,130.240.134.20,89.18.105.60,44117,8883,29980
TLSv1.2,192,2020-06-06,130.240.134.20,89.18.105.60,44117,8883,4
TLSv1.2,204,2020-06-06,130.240.134.20,89.18.105.60,44117,8883,32
TLSv1.2,205,2020-06-06,130.240.134.20,89.18.105.60,44117,8883,15
TLSv1.2,239,2020-06-06,130.240.134.20,89.18.105.60,44117,8883,5
TLSv1.2,240,2020-06-06,130.240.134.20,89.18.105.60,44117,8883,43
TLSv1.2,316,2020-06-06,130.240.134.20,89.18.105.60,44117,8883,4
TLSv1.2,967,2020-06-06,130.240.134.20,89.18.105.60,44117,8883,11
TLSv1.2,969,2020-06-06,130.240.134.20,89.18.105.60,44117,8883,11
TLSv1.2,971,2020-06-06,130.240.134.20,89.18.105.60,44117,8883,15
TLSv1.2,973,2020-06-06,130.240.134.20,89.18.105.60,44117,8883,323
TLSv1.2,97,2020-06-04,130.240.134.20,89.18.105.60,44117,8883,1440
TLSv1.2,96,2020-06-04,89.18.105.60,130.240.134.20,8883,44117,1440
TLSv1.2,165,2020-06-04,130.240.134.20,89.18.105.60,44117,8883,2
TLSv1.2,166,2020-06-04,130.240.134.20,89.18.105.60,44117,8883,11
TLSv1.2,183,2020-06-04,130.240.134.20,89.18.105.60,44117,8883,9
TLSv1.2,191,2020-06-04,130.240.134.20,89.18.105.60,44117,8883,29984
TLSv1.2,192,2020-06-04,130.240.134.20,89.18.105.60,44117,8883,2
TLSv1.2,204,2020-06-04,130.240.134.20,89.18.105.60,44117,8883,31
TLSv1.2,205,2020-06-04,130.240.134.20,89.18.105.60,44117,8883,14
TLSv1.2,206,2020-06-04,130.240.134.20,89.18.105.60,44117,8883,3
TLSv1.2,212,2020-06-04,130.240.134.20,89.18.105.60,44117,8883,3
TLSv1.2,239,2020-06-04,130.240.134.20,89.18.105.60,44117,8883,4
TLSv1.2,240,2020-06-04,130.240.134.20,89.18.105.60,44117,8883,44
TLSv1.2,967,2020-06-04,130.240.134.20,89.18.105.60,44117,8883,9
TLSv1.2,969,2020-06-04,130.240.134.20,89.18.105.60,44117,8883,11
TLSv1.2,971,2020-06-04,130.240.134.20,89.18.105.60,44117,8883,15
TLSv1.2,973,2020-06-04,130.240.134.20,89.18.105.60,44117,8883,325
TLSv1.2,97,2020-03-14,130.240.134.20,89.18.105.60,34223,8883,1440
TLSv1.2,96,2020-03-14,89.18.105.60,130.240.134.20,8883,34223,1440
TLSv1.2,166,2020-03-14,130.240.134.20,89.18.105.60,34223,8883,10
TLSv1.2,183,2020-03-14,130.240.134.20,89.18.105.60,34223,8883,7
TLSv1.2,191,2020-03-14,130.240.134.20,89.18.105.60,34223,8883,15070
TLSv1.2,192,2020-03-14,130.240.134.20,89.18.105.60,34223,8883,280
TLSv1.2,204,2020-03-14,130.240.134.20,89.18.105.60,34223,8883,32
TLSv1.2,205,2020-03-14,130.240.134.20,89.18.105.60,34223,8883,10
TLSv1.2,206,2020-03-14,130.240.134.20,89.18.105.60,34223,8883,6
TLSv1.2,212,2020-03-14,130.240.134.20,89.18.105.60,34223,8883,3
TLSv1.2,239,2020-03-14,130.240.134.20,89.18.105.60,34223,8883,3
TLSv1.2,240,2020-03-14,130.240.134.20,89.18.105.60,34223,8883,21
TLSv1.2,974,2020-03-14,130.240.134.20,89.18.105.60,34223,8883,20
TLSv1.2,976,2020-03-14,130.240.134.20,89.18.105.60,34223,8883,20
TLSv1.2,978,2020-03-14,130.240.134.20,89.18.105.60,34223,8883,320
TLSv1.2,97,2020-03-15,130.240.134.20,89.18.105.60,34223,8883,1440
TLSv1.2,96,2020-03-15,89.18.105.60,130.240.134.20,8883,34223,1440
TLSv1.2,166,2020-03-15,130.240.134.20,89.18.105.60,34223,8883,9
TLSv1.2,183,2020-03-15,130.240.134.20,89.18.105.60,34223,8883,6
TLSv1.2,191,2020-03-15,130.240.134.20,89.18.105.60,34223,8883,15116
TLSv1.2,192,2020-03-15,130.240.134.20,89.18.105.60,34223,8883,235
TLSv1.2,204,2020-03-15,130.240.134.20,89.18.105.60,34223,8883,34
TLSv1.2,205,2020-03-15,130.240.134.20,89.18.105.60,34223,8883,9
TLSv1.2,206,2020-03-15,130.240.134.20,89.18.105.60,34223,8883,5
TLSv1.2,239,2020-03-15,130.240.134.20,89.18.105.60,34223,8883,2
TLSv1.2,240,2020-03-15,130.240.134.20,89.18.105.60,34223,8883,22
TLSv1.2,974,2020-03-15,130.240.134.20,89.18.105.60,34223,8883,20
TLSv1.2,976,2020-03-15,130.240.134.20,89.18.105.60,34223,8883,20
TLSv1.2,978,2020-03-15,130.240.134.20,89.18.105.60,34223,8883,320
TLSv1.2,97,2020-04-26,130.240.134.20,89.18.105.60,57811,8883,1440
TLSv1.2,96,2020-04-26,89.18.105.60,130.240.134.20,8883,57811,1440
TLSv1.2,162,2020-04-26,130.240.134.20,89.18.105.60,57811,8883,10
TLSv1.2,164,2020-04-26,130.240.134.20,89.18.105.60,57811,8883,10
TLSv1.2,166,2020-04-26,130.240.134.20,89.18.105.60,57811,8883,9
TLSv1.2,170,2020-04-26,130.240.134.20,89.18.105.60,57811,8883,10
TLSv1.2,172,2020-04-26,130.240.134.20,89.18.105.60,57811,8883,8
TLSv1.2,174,2020-04-26,130.240.134.20,89.18.105.60,57811,8883,5
TLSv1.2,177,2020-04-26,130.240.134.20,89.18.105.60,57811,8883,1
TLSv1.2,183,2020-04-26,130.240.134.20,89.18.105.60,57811,8883,4
TLSv1.2,186,2020-04-26,130.240.134.20,89.18.105.60,57811,8883,10
TLSv1.2,204,2020-04-26,130.240.134.20,89.18.105.60,57811,8883,24
TLSv1.2,205,2020-04-26,130.240.134.20,89.18.105.60,57811,8883,23
TLSv1.2,206,2020-04-26,130.240.134.20,89.18.105.60,57811,8883,1
TLSv1.2,282,2020-04-26,130.240.134.20,89.18.105.60,57811,8883,4
TLSv1.2,283,2020-04-26,130.240.134.20,89.18.105.60,57811,8883,2
TLSv1.2,285,2020-04-26,130.240.134.20,89.18.105.60,57811,8883,2
TLSv1.2,971,2020-04-26,130.240.134.20,89.18.105.60,57811,8883,35
TLSv1.2,973,2020-04-26,130.240.134.20,89.18.105.60,57811,8883,325
TLSv1.2,97,2020-05-30,130.240.134.20,89.18.105.60,36655,8883,1440
TLSv1.2,96,2020-05-30,89.18.105.60,130.240.134.20,8883,36655,1440
TLSv1.2,165,2020-05-30,130.240.134.20,89.18.105.60,36655,8883,2
TLSv1.2,166,2020-05-30,130.240.134.20,89.18.105.60,36655,8883,11
TLSv1.2,183,2020-05-30,130.240.134.20,89.18.105.60,36655,8883,9
TLSv1.2,191,2020-05-30,130.240.134.20,89.18.105.60,36655,8883,29818
TLSv1.2,192,2020-05-30,130.240.134.20,89.18.105.60,36655,8883,2
TLSv1.2,204,2020-05-30,130.240.134.20,89.18.105.60,36655,8883,25
TLSv1.2,205,2020-05-30,130.240.134.20,89.18.105.60,36655,8883,17
TLSv1.2,206,2020-05-30,130.240.134.20,89.18.105.60,36655,8883,6
TLSv1.2,239,2020-05-30,130.240.134.20,89.18.105.60,36655,8883,5
TLSv1.2,240,2020-05-30,130.240.134.20,89.18.105.60,36655,8883,43
TLSv1.2,971,2020-05-30,130.240.134.20,89.18.105.60,36655,8883,7
TLSv1.2,973,2020-05-30,130.240.134.20,89.18.105.60,36655,8883,353
TLSv1.2,97,2020-04-25,130.240.134.20,89.18.105.60,57811,8883,1440
TLSv1.2,96,2020-04-25,89.18.105.60,130.240.134.20,8883,57811,1440
TLSv1.2,162,2020-04-25,130.240.134.20,89.18.105.60,57811,8883,10
TLSv1.2,164,2020-04-25,130.240.134.20,89.18.105.60,57811,8883,10
TLSv1.2,166,2020-04-25,130.240.134.20,89.18.105.60,57811,8883,9
TLSv1.2,170,2020-04-25,130.240.134.20,89.18.105.60,57811,8883,10
TLSv1.2,172,2020-04-25,130.240.134.20,89.18.105.60,57811,8883,9
TLSv1.2,174,2020-04-25,130.240.134.20,89.18.105.60,57811,8883,5
TLSv1.2,177,2020-04-25,130.240.134.20,89.18.105.60,57811,8883,2
TLSv1.2,183,2020-04-25,130.240.134.20,89.18.105.60,57811,8883,5
TLSv1.2,186,2020-04-25,130.240.134.20,89.18.105.60,57811,8883,10
TLSv1.2,204,2020-04-25,130.240.134.20,89.18.105.60,57811,8883,23
TLSv1.2,205,2020-04-25,130.240.134.20,89.18.105.60,57811,8883,18
TLSv1.2,206,2020-04-25,130.240.134.20,89.18.105.60,57811,8883,6
TLSv1.2,282,2020-04-25,130.240.134.20,89.18.105.60,57811,8883,4
TLSv1.2,283,2020-04-25,130.240.134.20,89.18.105.60,57811,8883,1
TLSv1.2,285,2020-04-25,130.240.134.20,89.18.105.60,57811,8883,2
TLSv1.2,971,2020-04-25,130.240.134.20,89.18.105.60,57811,8883,13
TLSv1.2,973,2020-04-25,130.240.134.20,89.18.105.60,57811,8883,124
TLSv1.2,975,2020-04-25,130.240.134.20,89.18.105.60,57811,8883,223
TLSv1.2,97,2020-05-31,130.240.134.20,89.18.105.60,36655,8883,1440
TLSv1.2,96,2020-05-31,89.18.105.60,130.240.134.20,8883,36655,1440
TLSv1.2,165,2020-05-31,130.240.134.20,89.18.105.60,36655,8883,2
TLSv1.2,166,2020-05-31,130.240.134.20,89.18.105.60,36655,8883,10
TLSv1.2,183,2020-05-31,130.240.134.20,89.18.105.60,36655,8883,8
TLSv1.2,191,2020-05-31,130.240.134.20,89.18.105.60,36655,8883,29864
TLSv1.2,192,2020-05-31,130.240.134.20,89.18.105.60,36655,8883,2
TLSv1.2,204,2020-05-31,130.240.134.20,89.18.105.60,36655,8883,26
TLSv1.2,205,2020-05-31,130.240.134.20,89.18.105.60,36655,8883,17
TLSv1.2,206,2020-05-31,130.240.134.20,89.18.105.60,36655,8883,5
TLSv1.2,239,2020-05-31,130.240.134.20,89.18.105.60,36655,8883,7
TLSv1.2,240,2020-05-31,130.240.134.20,89.18.105.60,36655,8883,41
TLSv1.2,971,2020-05-31,130.240.134.20,89.18.105.60,36655,8883,3
TLSv1.2,973,2020-05-31,130.240.134.20,89.18.105.60,36655,8883,357
